1;Брелок рфс россия 19201;;;;19201;49;50;0;1;шт;https://i4.amd-sport.ru/1/8360/83598990/6e1ffd/brelok-rfs-rossiya-19201.jpg;;;Брелок рфс россия 19201;;;Brelok-rfs-rossiya;;68784666;;Бренд;noname;Модификация;Базовая
2;Карабин atributika & club цска 18701;;;;18701;117;120;0;1;шт;https://i4.amd-sport.ru/1/8747/87460725/6e1ffd/karabin-atributika-club-cska-18701.jpg;;;Карабин atributika & club цска 18701;;;Karabin-atributika-club-cska;;72082356;;Бренд;ATRIBUTIKA & CLUB;Модификация;Базовая
3;Стакан пивной фк «крылья советов» 0,25 стекло;;;1;;117,26;0;0;1;шт;https://i4.amd-sport.ru/1/8360/83598782/6e1ffd/stakan-pivnoj-fk-krylya-sovetov-0-25-steklo.jpg;;;Стакан пивной фк «крылья советов» 0,25 стекло;;;Stakan-pivnoj-fk-krylya-sovetov-0-25-steklo;;68784524;;Бренд;noname;Модификация;Базовая
4;"Магнит fifa zabivaka удар!"" сн513""";;"Стильная наклейка-магнит с символикой чемпионата мира по футболу 2018 года в России FIFA ZABIVAKA УДАР!"" СН513, на магните изображен талисман чемпионата мира по футболу, волченок-Забивака, с мячом. Модель имеет стильный внешний вид и будет отличным подарком для футбольных болельщиков. Официальный, лицензированный продукт.""";;СН513;127;130;0;1;шт;"https://i4.amd-sport.ru/1/8995/89940432/6e1ffd/magnit-fifa-zabivaka-udar-sn513.jpg
https://i1.amd-sport.ru/1/8995/89940434/6e1ffd/magnit-fifa-zabivaka-udar-sn513.jpg";;;"Магнит fifa zabivaka удар!"" сн513""";;;Magnit-fifa-zabivaka-udar-sn513;;73779163;;Бренд;FIFA;Модификация;Базовая
5;"Магнит fifa zabivaka фристайл!"" сн516""";;"Стильная наклейка-магнит с символикой чемпионата мира по футболу 2018 года в России FIFA ZABIVAKA ФРИСТАЙЛ!"" СН516 брелок украшен изображением талисмана чемпионата мира по футболу, волченока-Забиваки, с мячом. Модель имеет стильный внешний вид и будет отличным подарком для футбольных болельщиков. Официальный, лицензированный продукт.""";;СН516;127;130;0;1;шт;https://i1.amd-sport.ru/1/8995/89940436/6e1ffd/magnit-fifa-zabivaka-fristajl-sn516.jpg;;;"Магнит fifa zabivaka фристайл!"" сн516""";;;Magnit-fifa-zabivaka-fristajl-sn516;;73779166;;Бренд;FIFA;Модификация;Базовая
6;Пакет подарочный fifa 34*28*9см т11904/т11905;;Стильный подарочный пакет с символикой чемпионата мира по футболу 2018 года в России FIFA 34*28*9СМ Т11904/Т11905, Пакет изготовлен из глянцевой бумаги с стильной ручкой шнурком. На пакете изображен кубок чемпионата мира по футболу и  талисман, волченок-Забивака. Официальный, лицензированный продукт.;;Т11904/Т11905;127;130;0;1;шт;"https://i4.amd-sport.ru/1/8995/89940439/6e1ffd/paket-podarochnyj-fifa-34-28-9sm-t11904-t11905.jpg
https://i1.amd-sport.ru/1/8995/89940446/6e1ffd/paket-podarochnyj-fifa-34-28-9sm-t11904-t11905.jpg";;;Пакет подарочный fifa 34*28*9см т11904/т11905;;;Paket-podarochnyj-fifa-34-28-9sm-t11904-t11905;;73779168;;Бренд;FIFA;Модификация;Базовая
7;Магнит иск дина корона;;;;;146;150;0;1;шт;https://i4.amd-sport.ru/1/8360/83598763/6e1ffd/magnit-isk-dina-korona.jpg;;;Магнит иск дина корона;;;Magnit-isk-dina-korona;;68784502;;Бренд;noname;Модификация;Базовая
8;Магнит иск дина пушка;;;;;146;150;0;1;шт;https://i4.amd-sport.ru/1/8360/83598764/6e1ffd/magnit-isk-dina-pushka.jpg;;;Магнит иск дина пушка;;;Magnit-isk-dina-pushka;;68784504;;Бренд;noname;Модификация;Базовая
9;Наклейка ребенок в машине (футбол);;Наклейка «Ребенок в машине» с изображением ребенка с мячом. Наклейка имеет яркую расцветку и выполнена в виде ромба, она крепится клеящим слоем на заднее стекло автомобиля. Данная наклейка призвана предупреждать о маленьком ребенке в автомобиле и быть предельно аккуратными и осторожными. Наклейка легко клеится на чистое стекло и без следа удаляется.Размеры и Вес в упаковке: Размеры (Д х Ш х В): 170 x 195 x 3 мм.  Вес: 0.01 кг.;;NoCode;146;150;0;1;шт;https://i4.amd-sport.ru/1/8746/87459416/6e1ffd/naklejka-rebenok-v-mashine-futbol.jpg;;;Наклейка ребенок в машине (футбол);;;Naklejka-rebenok-v-mashine-futbol;;72081278;;Бренд;НАКЛЕЙКА;Модификация;Базовая
10;Наклейка сердце футбольное цветное 12*12 см №03;;Наклейка «сердце футбольное» цветное 12*12 СМ №03 выполнена в виде мяча, который имеет форму сердца, она символизирует любовь к футболу. Наклейка имеет с одной стороны клеящий слой, что позволяет без труда наклеить ее на ровную и чистую поверхность.Размеры и Вес в упаковке: Размеры (Д х Ш х В): 150 x 220 x 5 мм.  Вес: 0.008 кг.;;Ф#03;146;150;0;1;шт;https://i4.amd-sport.ru/1/8746/87459417/6e1ffd/naklejka-serdce-futbolnoe-cvetnoe-12-12-sm-03.jpg;;;Наклейка сердце футбольное цветное 12*12 см №03;;;Naklejka-serdce-futbolnoe-cvetnoe-12-12-sm;;72081279;;Бренд;НАКЛЕЙКА;Модификация;Базовая
11;"Наклейка футболист удар"" винил 12*12 см №02""";;"Виниловая наклейка, футболист с мячом УДАР"" ВИНИЛ 12*12 СМ №02. Наклейка вырезана из винила черного цвета с клеящим слоем. Данная наклейка может приклеена на ровную, чистую, обезжиренную поверхность. Монтаж легкий и простой. Для облегчения процесса наклейки  без воздушных пузырьков можно поверхность слегка смочить водой. При необходимости наклейку можно удалить. Высота наклейки около 12 см, она будет отлично смотреться на автомобили, и позволит вам выделиться в общем потоке.""";;Ф#02;146;150;0;1;шт;https://i4.amd-sport.ru/1/8746/87459418/6e1ffd/naklejka-futbolist-udar-vinil-12-12-sm-02.jpg;;;"Наклейка футболист удар"" винил 12*12 см №02""";;;Naklejka-futbolist-udar-vinil-12-12-sm;;72081280;;Бренд;НАКЛЕЙКА;Модификация;Базовая
12;Наклейка футболист винил 12*12 см №01;;Наклейка из черного винила в форме футболиста с мячом 12*12 СМ №01 наклейка имеет с одной стороны клеящий слой, что позволяет без труда разместить ее на ровной и чистой поверхности. Наклейка выполнена в виде контура футболиста с мячом.Размеры и Вес в упаковке: Размеры (Д х Ш х В): 183 x 139 x 4 мм.  Вес: 0.01 кг.;;Ф#01;146;150;0;1;шт;https://i4.amd-sport.ru/1/8746/87459419/6e1ffd/naklejka-futbolist-vinil-12-12-sm-01.jpg;;;Наклейка футболист винил 12*12 см №01;;;Naklejka-futbolist-vinil-12-12-sm;;72081281;;Бренд;НАКЛЕЙКА;Модификация;Базовая
13;Табличка ребенок в машине (футбол);;Табличка «Ребенок в машине» с изображением ребенка с мячом. Выполнена в виде ромба яркого оранжевого цвета с изображением ребенка в центре, она фиксируется  на заднее стекло автомобиля. Данная табличка призвана предупреждать о маленьком ребенке в автомобиле и быть предельно аккуратными и осторожными.Размеры и Вес в упаковке: Размеры (Д х Ш х В): 130 x 130 x 10 мм.  Вес: 0.01 кг.;;NoCode;146;150;0;1;шт;https://i4.amd-sport.ru/1/8746/87459420/6e1ffd/tablichka-rebenok-v-mashine-futbol.jpg;;;Табличка ребенок в машине (футбол);;;Tablichka-rebenok-v-mashine-futbol;;72081282;;Бренд;NoBrand;Модификация;Базовая
14;Табличка треугольная (футбол);;Треугольная табличка с изображением футболиста с мячом. Выполнена в виде предупреждающего дорожного знака, в треугольнике красного цвета расположен контур футболиста с мячом. Для фиксации на стекло автомобиля имеется в комплекте присоска из мягкого силиконового материала.Размеры и Вес в упаковке: Размеры (Д х Ш х В): 160 x 150 x 3 мм.  Вес: 0.015 кг.;;NoCode;146;150;0;1;шт;"https://i4.amd-sport.ru/1/8746/87459421/6e1ffd/tablichka-treugolnaya-futbol.jpg
https://i4.amd-sport.ru/1/8746/87459422/6e1ffd/tablichka-treugolnaya-futbol.jpg";;;Табличка треугольная (футбол);;;Tablichka-treugolnaya-futbol;;72081283;;Бренд;ТАБЛИЧКА ТРЕУГОЛЬНАЯ (ФУТБОЛ);Модификация;Базовая
15;Карабин atributika & club barcelona 18720;;;;18720;146;150;0;1;шт;https://i2.amd-sport.ru/1/8995/89940421/6e1ffd/karabin-atributika-club-barcelona-18720.jpg;;;Карабин atributika & club barcelona 18720;;;Karabin-atributika-club-barcelona;;73779153;;Бренд;ATRIBUTIKA & CLUB;Модификация;Базовая
16;Карабин atributika & club manchester united 18710;;Сувенирный карабин с кольцом и нанесенной символикой Английского футбольного клуба Манчестер Юнайтед ATRIBUTIKA & CLUB MANCHESTER UNITED 18710 Модель состоит из карабина черного цвета и красной стропы с пришитой символикой Футбольного Клуба Манчестер Юнайтед из Англии. На стропе расположено кольцо. Данный карабин можно использовать как декоративный элемент на рюкзак или сумку. Можно повесить на ключи как белок. Карабин выполнен из алюминиевого сплава. Данное изделие отлично подойдет в качестве подарка для фанатов клуба.;;18710;146;150;0;1;шт;https://i2.amd-sport.ru/1/8995/89940422/6e1ffd/karabin-atributika-club-manchester-united-18710.jpg;;;Карабин atributika & club manchester united 18710;;;Karabin-atributika-club-manchester-united;;73779154;;Бренд;ATRIBUTIKA & CLUB;Модификация;Базовая
17;"Магнит fifa zabivaka болеем за наших!"" сн518""";;"Стильная наклейка-магнит с символикой чемпионата мира по футболу 2018 года в России FIFA ZABIVAKA БОЛЕЕМ ЗА НАШИХ!"" СН518 на поверхности магнита нанесен талисман чемпионата мира по футболу волченок-Забивака, с флагом России. Модель имеет стильный внешний вид и будет отличным подарком для футбольных болельщиков. Официальный, лицензированный продукт.""";;СН518;146;150;0;1;шт;"https://i1.amd-sport.ru/1/8995/89940426/6e1ffd/magnit-fifa-zabivaka-boleem-za-nashih-sn518.jpg
https://i2.amd-sport.ru/1/8995/89940427/6e1ffd/magnit-fifa-zabivaka-boleem-za-nashih-sn518.jpg";;;"Магнит fifa zabivaka болеем за наших!"" сн518""";;;Magnit-fifa-zabivaka-boleem-za-nashih-sn518;;73779155;;Бренд;FIFA;Модификация;Базовая
18;Магнит fifa кубок сн512;;Стильная наклейка-магнит с символикой чемпионата мира по футболу 2018 года в России FIFA КУБОК СН512, на поверхности брелока изображен кубок, чемпионата мира по футболу. Модель имеет стильный внешний вид и будет отличным подарком для футбольных болельщиков. Официальный, лицензированный продукт.;;СН512;146;150;0;1;шт;"https://i1.amd-sport.ru/1/8995/89940430/6e1ffd/magnit-fifa-kubok-sn512.jpg
https://i1.amd-sport.ru/1/8995/89940431/6e1ffd/magnit-fifa-kubok-sn512.jpg";;;Магнит fifa кубок сн512;;;Magnit-fifa-kubok-sn512;;73779160;;Бренд;FIFA;Модификация;Базовая
19;Носки спортивные 2K Sport Classic III черный-белый;;;;120340/черный-белый;150;0;0;1;шт;https://i4.amd-sport.ru/1/9142/91417881/6e1ffd/noski-sportivnye-2k-sport-classic-iii-chernyj-belyj.jpg;;;Носки спортивные 2K Sport Classic III черный-белый;;;Noski-sportivnye-2K-Sport-Classic-III-chernyj-belyj;;74983397;;Бренд;2K SPORT;Размер;S/M
20;Носки спортивные 2K Sport Classic III черный-белый;;;;120340/черный-белый;150;0;0;1;шт;https://i4.amd-sport.ru/1/9142/91417881/6e1ffd/noski-sportivnye-2k-sport-classic-iii-chernyj-belyj.jpg;;;Носки спортивные 2K Sport Classic III черный-белый;;;Noski-sportivnye-2K-Sport-Classic-III-chernyj-belyj;;74983397;;Бренд;2K SPORT;Размер;L
21;Носки спортивные 2K Sport Classic III grey-white;;;;120340/grey-white;150;0;0;1;шт;https://i3.amd-sport.ru/1/9142/91417882/6e1ffd/noski-sportivnye-2k-sport-classic-iii-grey-white.jpg;;;Носки спортивные 2K Sport Classic III grey-white;;;Noski-sportivnye-2K-Sport-Classic-III-grey-white;;74983398;;Бренд;2K SPORT;Размер;S/M
22;Носки спортивные 2K Sport Classic III grey-white;;;;120340/grey-white;150;0;0;1;шт;https://i3.amd-sport.ru/1/9142/91417882/6e1ffd/noski-sportivnye-2k-sport-classic-iii-grey-white.jpg;;;Носки спортивные 2K Sport Classic III grey-white;;;Noski-sportivnye-2K-Sport-Classic-III-grey-white;;74983398;;Бренд;2K SPORT;Размер;L
23;Носки спортивные 2K Sport Classic III белый-черный;;;;120340/белый-черный;150;0;0;1;шт;https://i1.amd-sport.ru/1/9142/91417883/6e1ffd/noski-sportivnye-2k-sport-classic-iii-belyj-chernyj.jpg;;;Носки спортивные 2K Sport Classic III белый-черный;;;Noski-sportivnye-2K-Sport-Classic-III-belyj-chernyj;;74983399;;Бренд;2K SPORT;Размер;S/M
24;Носки спортивные 2K Sport Classic III белый-черный;;;;120340/белый-черный;150;0;0;1;шт;https://i1.amd-sport.ru/1/9142/91417883/6e1ffd/noski-sportivnye-2k-sport-classic-iii-belyj-chernyj.jpg;;;Носки спортивные 2K Sport Classic III белый-черный;;;Noski-sportivnye-2K-Sport-Classic-III-belyj-chernyj;;74983399;;Бренд;2K SPORT;Размер;L
25;Подкладка под тейп mueller (7,0x27,3m) белая 130702;;Подкладочный материал под тейп - губчатый полиуретановый перевязочный материал типа тонкого поролона.  Применяется в качестве подкладки перед наложением тейпа для защиты кожи от раздражения.;;130702;165;170;0;1;шт;https://i4.amd-sport.ru/1/8360/83599988/6e1ffd/podkladka-pod-tejp-mueller-7-0x27-3m-belaya-130702.jpg;;;Подкладка под тейп mueller (7,0x27,3m) белая 130702;;;Podkladka-pod-tejp-mueller-7-0x27-3m-belaya;;68785448;;Бренд;MUELLER;Модификация;Базовая
26;Подкладка под тейп mueller (7,0x27,3m) синяя 130708;;Подкладочный материал под тейп - губчатый полиуретановый перевязочный материал типа тонкого поролона. Применяется в качестве подкладки перед наложением тейпа для защиты кожи от раздражения.;1;130708;165;170;0;1;шт;https://i1.amd-sport.ru/1/8531/85302363/6e1ffd/podkladka-pod-tejp-mueller-7-0x27-3m-sinyaya-130708.jpg;;;Подкладка под тейп mueller (7,0x27,3m) синяя 130708;;;Podkladka-pod-tejp-mueller-7-0x27-3m-sinyaya;;68785450;;Бренд;MUELLER;Модификация;Базовая
27;Суппорт голеностопа 2K Sport S-505;;Суппорт-бандаж для голеностопа. Уменьшает нагрузку во время тренировки и защищает голеностоп в период восстановления. Состав: 58% нейлон, 34% эластан, 8% полиэстер.;;129010;170;0;0;1;шт;https://i2.amd-sport.ru/1/9110/91092255/6e1ffd/support-golenostopa-2k-sport-s-505.jpg;;;Суппорт голеностопа 2K Sport S-505;;;Support-golenostopa-2K-Sport-S;;74723945;;Бренд;2K SPORT;Размер;M
28;Суппорт локтя (бинт);;Суппорт-бандаж для локтевого сустава. Уменьшает нагрузку во время тренировки и защищает локоть в период восстановления. Состав: 58% нейлон, 34% эластан, 8% полиэстер.;;129011;170;0;0;1;шт;https://i2.amd-sport.ru/1/9110/91092258/6e1ffd/support-loktya-bint.jpg;;;Суппорт локтя (бинт);;;Support-loktya-bint;;74723948;;Бренд;2K SPORT;Размер;M
29;Суппорт колена 2K Sport S-504 (Бинт);;Суппорт-бандаж для коленного сустава. Уменьшает нагрузку во время тренировки и защищает колено в период восстановления. Состав: 58% нейлон, 34% эластан, 8% полиэстер.;;129012;170;0;0;1;шт;https://i3.amd-sport.ru/1/9110/91092261/6e1ffd/support-kolena-2k-sport-s-504-bint.jpg;;;Суппорт колена 2K Sport S-504 (Бинт);;;Support-kolena-2K-Sport-S-504-Bint;;74723951;;Бренд;2K SPORT;Размер;M
30;Носки спортивные 2K Sport Classic II черный-белый;;;;120339/черный-белый;170;0;0;1;шт;https://i2.amd-sport.ru/1/9142/91417878/6e1ffd/noski-sportivnye-2k-sport-classic-ii-chernyj-belyj.jpg;;;Носки спортивные 2K Sport Classic II черный-белый;;;Noski-sportivnye-2K-Sport-Classic-II-chernyj-belyj;;74983394;;Бренд;2K SPORT;Размер;S/M
31;Носки спортивные 2K Sport Classic II черный-белый;;;;120339/черный-белый;170;0;0;1;шт;https://i2.amd-sport.ru/1/9142/91417878/6e1ffd/noski-sportivnye-2k-sport-classic-ii-chernyj-belyj.jpg;;;Носки спортивные 2K Sport Classic II черный-белый;;;Noski-sportivnye-2K-Sport-Classic-II-chernyj-belyj;;74983394;;Бренд;2K SPORT;Размер;L
32;Носки спортивные 2K Sport Classic II grey-white;;;;120339/grey-white;170;0;0;1;шт;https://i1.amd-sport.ru/1/9142/91417879/6e1ffd/noski-sportivnye-2k-sport-classic-ii-grey-white.jpg;;;Носки спортивные 2K Sport Classic II grey-white;;;Noski-sportivnye-2K-Sport-Classic-II-grey-white;;74983395;;Бренд;2K SPORT;Размер;S/M
33;Носки спортивные 2K Sport Classic II grey-white;;;;120339/grey-white;170;0;0;1;шт;https://i1.amd-sport.ru/1/9142/91417879/6e1ffd/noski-sportivnye-2k-sport-classic-ii-grey-white.jpg;;;Носки спортивные 2K Sport Classic II grey-white;;;Noski-sportivnye-2K-Sport-Classic-II-grey-white;;74983395;;Бренд;2K SPORT;Размер;L
34;Носки спортивные 2K Sport Classic II белый-черный;;;;120339/белый-черный;170;0;0;1;шт;https://i1.amd-sport.ru/1/9142/91417880/6e1ffd/noski-sportivnye-2k-sport-classic-ii-belyj-chernyj.jpg;;;Носки спортивные 2K Sport Classic II белый-черный;;;Noski-sportivnye-2K-Sport-Classic-II-belyj-chernyj;;74983396;;Бренд;2K SPORT;Размер;S/M
35;Носки спортивные 2K Sport Classic II белый-черный;;;;120339/белый-черный;170;0;0;1;шт;https://i1.amd-sport.ru/1/9142/91417880/6e1ffd/noski-sportivnye-2k-sport-classic-ii-belyj-chernyj.jpg;;;Носки спортивные 2K Sport Classic II белый-черный;;;Noski-sportivnye-2K-Sport-Classic-II-belyj-chernyj;;74983396;;Бренд;2K SPORT;Размер;L
36;Вымпел малый иск дина (а6 с бахромой);;Материал: 100% Полиэстер;;Клубная Атрибутика;175;180;0;1;шт;https://i4.amd-sport.ru/1/8360/83598762/6e1ffd/vympel-malyj-isk-dina-a6-s-bahromoj.jpg;;;Вымпел малый иск дина (а6 с бахромой);;;Vympel-malyj-isk-dina-a6-s-bahromoj;;68784501;;Бренд;Клубная Атрибутика;Модификация;Базовая
37;Вымпел малый россия 158520;;Материал: 100% Полиэстер;1;158520;186,13;0;0;1;шт;https://i4.amd-sport.ru/1/8360/83598991/6e1ffd/vympel-malyj-rossiya-158520.jpg;;;Вымпел малый россия 158520;;;Vympel-malyj-rossiya;;68784668;;Бренд;Клубная Атрибутика;Модификация;Базовая
38;Лента с карабином;;Лента с карабином для свистка.;;126301;190;0;0;1;шт;https://i1.amd-sport.ru/1/9110/91092609/6e1ffd/lenta-s-karabinom.jpg;;;Лента с карабином;;;Lenta-s-karabinom;;74724225;;Бренд;2K SPORT;Размер;standart
39;Носки спортивные 2K Sport Classic  черный-белый;;;;120338/черный-белый;190;0;0;1;шт;https://i2.amd-sport.ru/1/9142/91417875/6e1ffd/noski-sportivnye-2k-sport-classic-chernyj-belyj.jpg;;;Носки спортивные 2K Sport Classic  черный-белый;;;Noski-sportivnye-2K-Sport-Classic-chernyj-belyj;;74983391;;Бренд;2K SPORT;Размер;S/M
40;Носки спортивные 2K Sport Classic  черный-белый;;;;120338/черный-белый;190;0;0;1;шт;https://i2.amd-sport.ru/1/9142/91417875/6e1ffd/noski-sportivnye-2k-sport-classic-chernyj-belyj.jpg;;;Носки спортивные 2K Sport Classic  черный-белый;;;Noski-sportivnye-2K-Sport-Classic-chernyj-belyj;;74983391;;Бренд;2K SPORT;Размер;L
41;Носки спортивные 2K Sport Classic  grey-white;;;;120338/grey-white;190;0;0;1;шт;https://i1.amd-sport.ru/1/9142/91417876/6e1ffd/noski-sportivnye-2k-sport-classic-grey-white.jpg;;;Носки спортивные 2K Sport Classic  grey-white;;;Noski-sportivnye-2K-Sport-Classic-grey-white;;74983392;;Бренд;2K SPORT;Размер;S/M
42;Носки спортивные 2K Sport Classic  grey-white;;;;120338/grey-white;190;0;0;1;шт;https://i1.amd-sport.ru/1/9142/91417876/6e1ffd/noski-sportivnye-2k-sport-classic-grey-white.jpg;;;Носки спортивные 2K Sport Classic  grey-white;;;Noski-sportivnye-2K-Sport-Classic-grey-white;;74983392;;Бренд;2K SPORT;Размер;L
43;Носки спортивные 2K Sport Classic  белый-черный;;;;120338/белый-черный;190;0;0;1;шт;https://i2.amd-sport.ru/1/9142/91417877/6e1ffd/noski-sportivnye-2k-sport-classic-belyj-chernyj.jpg;;;Носки спортивные 2K Sport Classic  белый-черный;;;Noski-sportivnye-2K-Sport-Classic-belyj-chernyj;;74983393;;Бренд;2K SPORT;Размер;S/M
44;Носки спортивные 2K Sport Classic  белый-черный;;;;120338/белый-черный;190;0;0;1;шт;https://i2.amd-sport.ru/1/9142/91417877/6e1ffd/noski-sportivnye-2k-sport-classic-belyj-chernyj.jpg;;;Носки спортивные 2K Sport Classic  белый-черный;;;Noski-sportivnye-2K-Sport-Classic-belyj-chernyj;;74983393;;Бренд;2K SPORT;Размер;L
45;Брелок uhlsport key ring ergonomic (ss12) 1000009010341;;;;1,00E+12;194;200;0;1;шт;https://i4.amd-sport.ru/1/8360/83598382/6e1ffd/brelok-uhlsport-key-ring-ergonomic-ss12-1000009010341.jpg;;;Брелок uhlsport key ring ergonomic (ss12) 1000009010341;;;Brelok-uhlsport-key-ring-ergonomic-ss12;;68784292;;Бренд;UHLSPORT;Модификация;Базовая
46;Брелок uhlsport mini glove fangmaschine fm pro (ss12) 1000009010237;;Материал: 100% Нейлон;;1,00E+12;194;200;0;1;шт;https://i4.amd-sport.ru/1/8360/83598383/6e1ffd/brelok-uhlsport-mini-glove-fangmaschine-fm-pro-ss12-1000009010237.jpg;;;Брелок uhlsport mini glove fangmaschine fm pro (ss12) 1000009010237;;;Brelok-uhlsport-mini-glove-fangmaschine-fm-pro-ss12;;68784293;;Бренд;UHLSPORT;Модификация;Базовая
47;Конус mad guy разметочный (23см);;Материал: Полиэстер/Пластик;;MAD GUY;194;200;0;1;шт;https://i4.amd-sport.ru/1/8360/83598423/6e1ffd/konus-mad-guy-razmetochnyj-23sm.jpg;;;Конус mad guy разметочный (23см);;;Konus-mad-guy-razmetochnyj;;68784338;;Бренд;MAD GUY;Модификация;Базовая
48;Конус 2к разметочный (23см) 127823;;Материал: пластик;;127823;194;200;0;1;шт;https://i4.amd-sport.ru/1/8531/85302421/6e1ffd/konus-2k-razmetochnyj-23sm-127823.jpg;;;Конус 2к разметочный (23см) 127823;;;Konus-2k-razmetochnyj-23sm;;70328266;;Бренд;2K SPORT;Модификация;Базовая
49;Суппорт бедра 2K Sport Y-106;;Суппорт для бедренного сустава. Уменьшает нагрузку во время тренировки и защищает бедро в период восстановления. Состав: 80% неопрен, 20% нейлон.;;129013;210;0;0;1;шт;https://i3.amd-sport.ru/1/9110/91092265/6e1ffd/support-bedra-2k-sport-y-106.jpg;;;Суппорт бедра 2K Sport Y-106;;;Support-bedra-2K-Sport-Y;;74723954;;Бренд;2K SPORT;Размер;XL
50;Суппорт бедра 2K Sport Y-106;;Суппорт для бедренного сустава. Уменьшает нагрузку во время тренировки и защищает бедро в период восстановления. Состав: 80% неопрен, 20% нейлон.;;129013;210;0;0;1;шт;https://i3.amd-sport.ru/1/9110/91092265/6e1ffd/support-bedra-2k-sport-y-106.jpg;;;Суппорт бедра 2K Sport Y-106;;;Support-bedra-2K-Sport-Y;;74723954;;Бренд;2K SPORT;Размер;M
51;Суппорт бедра 2K Sport Y-106;;Суппорт для бедренного сустава. Уменьшает нагрузку во время тренировки и защищает бедро в период восстановления. Состав: 80% неопрен, 20% нейлон.;;129013;210;0;0;1;шт;https://i3.amd-sport.ru/1/9110/91092265/6e1ffd/support-bedra-2k-sport-y-106.jpg;;;Суппорт бедра 2K Sport Y-106;;;Support-bedra-2K-Sport-Y;;74723954;;Бренд;2K SPORT;Размер;L
52;Суппорт бедра 2K Sport Y-106;;Суппорт для бедренного сустава. Уменьшает нагрузку во время тренировки и защищает бедро в период восстановления. Состав: 80% неопрен, 20% нейлон.;;129013;210;0;0;1;шт;https://i3.amd-sport.ru/1/9110/91092265/6e1ffd/support-bedra-2k-sport-y-106.jpg;;;Суппорт бедра 2K Sport Y-106;;;Support-bedra-2K-Sport-Y;;74723954;;Бренд;2K SPORT;Размер;S
53;Суппорт бедра 2K Sport T-809;;Суппорт для бедренного сустава. Уменьшает нагрузку во время тренировки и защищает бедро в период восстановления. Состав: 50% нейлон, 20% эластан, 20% хлопок, 10% спандекс.;;129014;210;0;0;1;шт;https://i4.amd-sport.ru/1/9110/91092267/6e1ffd/support-bedra-2k-sport-t-809.jpg;;;Суппорт бедра 2K Sport T-809;;;Support-bedra-2K-Sport-T;;74723957;;Бренд;2K SPORT;Размер;XL
54;Суппорт бедра 2K Sport T-809;;Суппорт для бедренного сустава. Уменьшает нагрузку во время тренировки и защищает бедро в период восстановления. Состав: 50% нейлон, 20% эластан, 20% хлопок, 10% спандекс.;;129014;210;0;0;1;шт;https://i4.amd-sport.ru/1/9110/91092267/6e1ffd/support-bedra-2k-sport-t-809.jpg;;;Суппорт бедра 2K Sport T-809;;;Support-bedra-2K-Sport-T;;74723957;;Бренд;2K SPORT;Размер;M
55;Суппорт бедра 2K Sport T-809;;Суппорт для бедренного сустава. Уменьшает нагрузку во время тренировки и защищает бедро в период восстановления. Состав: 50% нейлон, 20% эластан, 20% хлопок, 10% спандекс.;;129014;210;0;0;1;шт;https://i4.amd-sport.ru/1/9110/91092267/6e1ffd/support-bedra-2k-sport-t-809.jpg;;;Суппорт бедра 2K Sport T-809;;;Support-bedra-2K-Sport-T;;74723957;;Бренд;2K SPORT;Размер;L
56;Суппорт бедра 2K Sport T-809;;Суппорт для бедренного сустава. Уменьшает нагрузку во время тренировки и защищает бедро в период восстановления. Состав: 50% нейлон, 20% эластан, 20% хлопок, 10% спандекс.;;129014;210;0;0;1;шт;https://i4.amd-sport.ru/1/9110/91092267/6e1ffd/support-bedra-2k-sport-t-809.jpg;;;Суппорт бедра 2K Sport T-809;;;Support-bedra-2K-Sport-T;;74723957;;Бренд;2K SPORT;Размер;S
57;Суппорт бедра 2K Sport АС-003;;Суппорт для бедренного сустава. Уменьшает нагрузку во время тренировки и защищает бедро в период восстановления. Состав: 80% неопрен, 20% нейлон.;;129015;210;0;0;1;шт;https://i4.amd-sport.ru/1/9110/91092270/6e1ffd/support-bedra-2k-sport-as-003.jpg;;;Суппорт бедра 2K Sport АС-003;;;Support-bedra-2K-Sport-AS;;74723959;;Бренд;2K SPORT;Размер;XL
58;Суппорт бедра 2K Sport АС-003;;Суппорт для бедренного сустава. Уменьшает нагрузку во время тренировки и защищает бедро в период восстановления. Состав: 80% неопрен, 20% нейлон.;;129015;210;0;0;1;шт;https://i4.amd-sport.ru/1/9110/91092270/6e1ffd/support-bedra-2k-sport-as-003.jpg;;;Суппорт бедра 2K Sport АС-003;;;Support-bedra-2K-Sport-AS;;74723959;;Бренд;2K SPORT;Размер;M
59;Суппорт бедра 2K Sport АС-003;;Суппорт для бедренного сустава. Уменьшает нагрузку во время тренировки и защищает бедро в период восстановления. Состав: 80% неопрен, 20% нейлон.;;129015;210;0;0;1;шт;https://i4.amd-sport.ru/1/9110/91092270/6e1ffd/support-bedra-2k-sport-as-003.jpg;;;Суппорт бедра 2K Sport АС-003;;;Support-bedra-2K-Sport-AS;;74723959;;Бренд;2K SPORT;Размер;L
60;Суппорт бедра 2K Sport АС-003;;Суппорт для бедренного сустава. Уменьшает нагрузку во время тренировки и защищает бедро в период восстановления. Состав: 80% неопрен, 20% нейлон.;;129015;210;0;0;1;шт;https://i4.amd-sport.ru/1/9110/91092270/6e1ffd/support-bedra-2k-sport-as-003.jpg;;;Суппорт бедра 2K Sport АС-003;;;Support-bedra-2K-Sport-AS;;74723959;;Бренд;2K SPORT;Размер;S
61;Суппорт локтя 2K Sport Y-103;;Суппорт для локтевого сустава. Уменьшает нагрузку во время тренировки и защищает локоть в период восстановления. Состав: 80% неопрен, 20% нейлон.;;129016;210;0;0;1;шт;https://i4.amd-sport.ru/1/9110/91092273/6e1ffd/support-loktya-2k-sport-y-103.jpg;;;Суппорт локтя 2K Sport Y-103;;;Support-loktya-2K-Sport-Y;;74723962;;Бренд;2K SPORT;Размер;XL
62;Суппорт локтя 2K Sport Y-103;;Суппорт для локтевого сустава. Уменьшает нагрузку во время тренировки и защищает локоть в период восстановления. Состав: 80% неопрен, 20% нейлон.;;129016;210;0;0;1;шт;https://i4.amd-sport.ru/1/9110/91092273/6e1ffd/support-loktya-2k-sport-y-103.jpg;;;Суппорт локтя 2K Sport Y-103;;;Support-loktya-2K-Sport-Y;;74723962;;Бренд;2K SPORT;Размер;M
63;Суппорт локтя 2K Sport Y-103;;Суппорт для локтевого сустава. Уменьшает нагрузку во время тренировки и защищает локоть в период восстановления. Состав: 80% неопрен, 20% нейлон.;;129016;210;0;0;1;шт;https://i4.amd-sport.ru/1/9110/91092273/6e1ffd/support-loktya-2k-sport-y-103.jpg;;;Суппорт локтя 2K Sport Y-103;;;Support-loktya-2K-Sport-Y;;74723962;;Бренд;2K SPORT;Размер;L
64;Суппорт локтя 2K Sport Y-103;;Суппорт для локтевого сустава. Уменьшает нагрузку во время тренировки и защищает локоть в период восстановления. Состав: 80% неопрен, 20% нейлон.;;129016;210;0;0;1;шт;https://i4.amd-sport.ru/1/9110/91092273/6e1ffd/support-loktya-2k-sport-y-103.jpg;;;Суппорт локтя 2K Sport Y-103;;;Support-loktya-2K-Sport-Y;;74723962;;Бренд;2K SPORT;Размер;S
65;Суппорт локтя 2K Sport Т-808;;Суппорт для локтевого сустава. Уменьшает нагрузку во время тренировки и защищает локоть в период восстановления. Состав: 50% нейлон, 20% эластан, 20% хлопок, 10% спандекс.;;129017;210;0;0;1;шт;https://i3.amd-sport.ru/1/9110/91092276/6e1ffd/support-loktya-2k-sport-t-808.jpg;;;Суппорт локтя 2K Sport Т-808;;;Support-loktya-2K-Sport-T;;74723965;;Бренд;2K SPORT;Размер;M
66;Суппорт локтя 2K Sport Т-808;;Суппорт для локтевого сустава. Уменьшает нагрузку во время тренировки и защищает локоть в период восстановления. Состав: 50% нейлон, 20% эластан, 20% хлопок, 10% спандекс.;;129017;210;0;0;1;шт;https://i3.amd-sport.ru/1/9110/91092276/6e1ffd/support-loktya-2k-sport-t-808.jpg;;;Суппорт локтя 2K Sport Т-808;;;Support-loktya-2K-Sport-T;;74723965;;Бренд;2K SPORT;Размер;L
67;Магнит atributika & club manchester united логотип 190205;;Размеры и Вес в упаковке: Размеры (Д х Ш х В):  100 x 120 x 10 мм.  Вес:  0.034 кг.;;190205;224;230;0;1;шт;https://i2.amd-sport.ru/1/8995/89940420/6e1ffd/magnit-atributika-club-manchester-united-logotip-190205.jpg;;;Магнит atributika & club manchester united логотип 190205;;;Magnit-atributika-club-manchester-united-logotip;;73779151;;Бренд;ATRIBUTIKA & CLUB;Модификация;Базовая
68;Суппорт колена 2K Sport Y-108;;Суппорт для коленного сустава. Уменьшает нагрузку во время тренировки и защищает колено в период восстановления. Состав: 80% неопрен, 20% нейлон.;;129003;230;0;0;1;шт;https://i2.amd-sport.ru/1/9110/91092252/6e1ffd/support-kolena-2k-sport-y-108.jpg;;;Суппорт колена 2K Sport Y-108;;;Support-kolena-2K-Sport-Y;;74723942;;Бренд;2K SPORT;Размер;M
69;Брелок atributika & club цска;;Стильный металлический брелок с нанесенной символикой футбольного клуба ЦСКА ATRIBUTIKA & CLUB ЦСКА Брелок имеет кольцо для ключей. Изготовлен из сплава с защитным покрытием желтого цвета, что предохраняет металл от коррозии. На поверхности брелока  разноцветными красками нанесена символика Московского футбольного клуба ЦСКА. К кольцу брелок крепится при помощи цепочки. Брелок имеет индивидуальную аккуратную упаковку и служит отличным подарком для фанатов клуба.;;190552;243;250;0;1;шт;https://i4.amd-sport.ru/1/8747/87460721/6e1ffd/brelok-atributika-club-cska.jpg;;;Брелок atributika & club цска;;;Brelok-atributika-club-cska;;72082352;;Бренд;ATRIBUTIKA & CLUB;Модификация;Базовая
70;Магнит atributika & club chelsea 08300;;Сувенирный магнит с символикой Английского футбольного клуба Челси ATRIBUTIKA & CLUB CHELSEA 08300 имеет круглую форму, на лицевой стороне нанесена эмблема Английского футбольного клуба Челси. Магнит предназначен для фанатов футбольного клуба.Размеры и Вес в упаковке: Размеры (Д х Ш х В): 100 x 120 x 10 мм.  Вес: 0.072 кг.;;8300;243;250;0;1;шт;https://i4.amd-sport.ru/1/8747/87460722/6e1ffd/magnit-atributika-club-chelsea-08300.jpg;;;Магнит atributika & club chelsea 08300;;;Magnit-atributika-club-chelsea;;72082353;;Бренд;ATRIBUTIKA & CLUB;Модификация;Базовая
71;Значок atributika & club цска талисман 193051;;;;193051;243;250;0;1;шт;https://i4.amd-sport.ru/1/8747/87460723/6e1ffd/znachok-atributika-club-cska-talisman-193051.jpg;;;Значок atributika & club цска талисман 193051;;;Znachok-atributika-club-cska-talisman;;72082354;;Бренд;ATRIBUTIKA & CLUB;Модификация;Базовая
72;Полотенце 2K Sport Trainer 40x80 белый-серый;;;;116003/белый-серый;250;0;0;1;шт;"https://i1.amd-sport.ru/1/9142/91418978/6e1ffd/polotence-2k-sport-trainer-40x80-belyj-seryj.jpg
https://i3.amd-sport.ru/1/9142/91418979/6e1ffd/polotence-2k-sport-trainer-40x80-belyj-seryj.jpg";;;Полотенце 2K Sport Trainer 40x80 белый-серый;;;Polotence-2K-Sport-Trainer-40x80-belyj-seryj;;74983836;;Бренд;2K SPORT;Модификация;Базовая
73;"Брелок fifa zabivaka класс!"" сн536""";;"Стильный брелок для ключей с символикой чемпионата мира по футболу 2018 года в России FIFA ZABIVAKA КЛАСС!"" СН536 На поверхности брелока нанесен талисман чемпионата мира по футболу, волк Забивака. Брелок имеет яркий внешний вид, к кольцу крепится при помощи цепочки. Данный брелок, отличный подарок для любителей футбола. Официальный, лицензированный продукт.""";;СН536;253;260;0;1;шт;"https://i3.amd-sport.ru/1/8995/89940408/6e1ffd/brelok-fifa-zabivaka-klass-sn536.jpg
https://i3.amd-sport.ru/1/8995/89940409/6e1ffd/brelok-fifa-zabivaka-klass-sn536.jpg";;;"Брелок fifa zabivaka класс!"" сн536""";;;Brelok-fifa-zabivaka-klass-sn536;;73779143;;Бренд;FIFA;Модификация;Базовая
74;"Брелок fifa zabivaka кубок"" сн539""";;"Стильный брелок для ключей с символикой чемпионата мира по футболу 2018 года в России FIFA ZABIVAKA КУБОК"" СН539. На брелоке изображен кубок чемпионата мира по футболу. Брелок имеет яркий внешний вид, к кольцу крепится при помощи цепочки. Данный брелок, отличный подарок для любителей футбола. Официальный, лицензированный продукт.""";;СН539;253;260;0;1;шт;"https://i3.amd-sport.ru/1/8995/89940410/6e1ffd/brelok-fifa-zabivaka-kubok-sn539.jpg
https://i3.amd-sport.ru/1/8995/89940412/6e1ffd/brelok-fifa-zabivaka-kubok-sn539.jpg";;;"Брелок fifa zabivaka кубок"" сн539""";;;Brelok-fifa-zabivaka-kubok-sn539;;73779144;;Бренд;FIFA;Модификация;Базовая
75;"Брелок fifa zabivaka летящий мяч"" сн538""";;"Стильный брелок для ключей с символикой чемпионата мира по футболу 2018 года в России FIFA ZABIVAKA ЛЕТЯЩИЙ МЯЧ"" СН538. На поверхности брелока изображен летящий над Россией мяч. Брелок имеет яркий внешний вид, к кольцу крепится при помощи цепочки. Данный брелок, отличный подарок для любителей футбола. Официальный, лицензированный продукт.""";;СН538;253;260;0;1;шт;"https://i2.amd-sport.ru/1/8995/89940414/6e1ffd/brelok-fifa-zabivaka-letyashhij-myach-sn538.jpg
https://i2.amd-sport.ru/1/8995/89940417/6e1ffd/brelok-fifa-zabivaka-letyashhij-myach-sn538.jpg";;;"Брелок fifa zabivaka летящий мяч"" сн538""";;;Brelok-fifa-zabivaka-letyashhij-myach-sn538;;73779147;;Бренд;FIFA;Модификация;Базовая
76;"Брелок fifa zabivaka фристайл!"" сн537""";;"Стильный брелок для ключей с символикой чемпионата мира по футболу 2018 года в России FIFA ZABIVAKA ФРИСТАЙЛ!"" СН537 брелок имеет яркий внешний вид, на нем изображен талисман чемпионата мира по футболу, волченок-Забивака с мячом. Брелок имеет яркий внешний вид, к кольцу крепится при помощи цепочки. Данный брелок, отличный подарок для любителей футбола. Официальный, лицензированный продукт.""";;СН537;253;260;0;1;шт;https://i2.amd-sport.ru/1/8995/89940418/6e1ffd/brelok-fifa-zabivaka-fristajl-sn537.jpg;;;"Брелок fifa zabivaka фристайл!"" сн537""";;;Brelok-fifa-zabivaka-fristajl-sn537;;73779150;;Бренд;FIFA;Модификация;Базовая
77;Тейп mueller m tape (3.8x9.1m) желтый 130823;;Когезивная повязка: фиксируется сама к себе, не приклеиваясь к коже.  Революционная альтернатива подкладочному материалу под тейп, компрессионным повязкам, эластичным бандажам для обработки ран и фиксирующим бандажам. Цвет белый.;1;130823;270;300;0;1;шт;https://i4.amd-sport.ru/1/8361/83600003/6e1ffd/tejp-mueller-m-tape-3-8x9-1m-zheltyj-130823.jpg;;;Тейп mueller m tape (3.8x9.1m) желтый 130823;;;Tejp-mueller-m-tape-3-8x9-1m-zheltyj;;68785464;;Бренд;MUELLER;Модификация;Базовая
78;Бейсболка летняя 2K Sport Geneva хаки-черный;;Состав: 100% полиэстер. Плотность бейсболки 120 г./м2. Регулируемый ремешок.;;124239/хаки-черный;270;0;0;1;шт;https://i2.amd-sport.ru/1/9142/91417628/6e1ffd/bejsbolka-letnyaya-2k-sport-geneva-haki-chernyj.jpg;;;Бейсболка летняя 2K Sport Geneva хаки-черный;;;Bejsbolka-letnyaya-2K-Sport-Geneva-haki-chernyj;;74983260;;Бренд;2K SPORT;Размер;one size
79;Бейсболка летняя 2K Sport Geneva серебристый-темно-синий;;Состав: 100% полиэстер. Плотность бейсболки 120 г./м2. Регулируемый ремешок.;;124239/серебристый-темно-синий;270;0;0;1;шт;https://i3.amd-sport.ru/1/9142/91417629/6e1ffd/bejsbolka-letnyaya-2k-sport-geneva-serebristyj-temno-sinij.jpg;;;Бейсболка летняя 2K Sport Geneva серебристый-темно-синий;;;Bejsbolka-letnyaya-2K-Sport-Geneva-serebristyj-temno-sinij;;74983261;;Бренд;2K SPORT;Размер;one size
80;Бейсболка летняя 2K Sport Geneva серебристый-красный;;Состав: 100% полиэстер. Плотность бейсболки 120 г./м2. Регулируемый ремешок.;;124239/серебристый-красный;270;0;0;1;шт;https://i3.amd-sport.ru/1/9142/91417630/6e1ffd/bejsbolka-letnyaya-2k-sport-geneva-serebristyj-krasnyj.jpg;;;Бейсболка летняя 2K Sport Geneva серебристый-красный;;;Bejsbolka-letnyaya-2K-Sport-Geneva-serebristyj-krasnyj;;74983262;;Бренд;2K SPORT;Размер;one size
81;Бейсболка летняя 2K Sport Falkon голубой-серебристый;;Состав: 100% полиэстер. Плотность бейсболки 120 г./м2. Регулируемый ремешок.;;124240/голубой-серебристый;270;0;0;1;шт;https://i2.amd-sport.ru/1/9142/91417631/6e1ffd/bejsbolka-letnyaya-2k-sport-falkon-goluboj-serebristyj.jpg;;;Бейсболка летняя 2K Sport Falkon голубой-серебристый;;;Bejsbolka-letnyaya-2K-Sport-Falkon-goluboj-serebristyj;;74983263;;Бренд;2K SPORT;Размер;one size
82;Бейсболка летняя 2K Sport Falkon светло-зеленый-серебристый;;Состав: 100% полиэстер. Плотность бейсболки 120 г./м2. Регулируемый ремешок.;;124240/светло-зеленый-серебристый;270;0;0;1;шт;https://i4.amd-sport.ru/1/9142/91417632/6e1ffd/bejsbolka-letnyaya-2k-sport-falkon-svetlo-zelenyj-serebristyj.jpg;;;Бейсболка летняя 2K Sport Falkon светло-зеленый-серебристый;;;Bejsbolka-letnyaya-2K-Sport-Falkon-svetlo-zelenyj-serebristyj;;74983264;;Бренд;2K SPORT;Размер;one size
83;Бейсболка летняя 2K Sport Falkon красный-серебристый;;Состав: 100% полиэстер. Плотность бейсболки 120 г./м2. Регулируемый ремешок.;;124240/красный-серебристый;270;0;0;1;шт;https://i4.amd-sport.ru/1/9142/91417633/6e1ffd/bejsbolka-letnyaya-2k-sport-falkon-krasnyj-serebristyj.jpg;;;Бейсболка летняя 2K Sport Falkon красный-серебристый;;;Bejsbolka-letnyaya-2K-Sport-Falkon-krasnyj-serebristyj;;74983265;;Бренд;2K SPORT;Размер;one size
84;Компрессы mueller холодныегорячие многократного пользования coldhot pack (11,4х15,2см) 030104;;Аккумуляторы холода и тепла многократного использования Mueller для широкого применения во всех областях медицины, где необходимо долговременно поддерживать определённый температурный режим, cодержат нейтральный (безопасный) гель, способный долго сохранять холод после морозильника или тепло после нагрева в микроволновой печи. При воздействии низких или высоких температур этот гель, содержащийся внутри аккумулятора температуры не теряет свою эластичность/вязкость. Аккумуляторы холода (тепла) Mueller идеальны для создания холодных или горячих компрессов. Внешняя оболочка выполнена из высококачественного термостойкого и мягкого полиэтилена. Изделие выпускается в трёх размерах, что позволяет создавать идеальные компрессы как для небольших, так и для обширных областей тела человека. Обладая гораздо большей теплоёмкостью по сравнению с подобными изделиями, выполненными в виде пластиковых контейнеров с жидкостью, аккумуляторы холода и тепла Mueller с успехом могут применяться и для разнообразных бытовых нужд.;;30104;272;280;0;1;шт;https://i4.amd-sport.ru/1/8361/83600043/6e1ffd/kompressy-mueller-holodnye-goryachie-mnogokratnogo-polzovaniya-cold-hot-pack-11-4h15-2sm-030104.jpg;;;Компрессы mueller холодныегорячие многократного пользования coldhot pack (11,4х15,2см) 030104;;;Kompressy-mueller-holodnye-goryachie-mnogokratnogo-polzovaniya-cold-hot-pack-11-4h15-2sm;;68785503;;Бренд;MUELLER;Модификация;Базовая
85;Полотенце reusch goalkeeper towel match 3162400-100;;Полотенце;;3162400-100;282;290;0;1;шт;https://i4.amd-sport.ru/1/8360/83598445/6e1ffd/polotence-reusch-goalkeeper-towel-match-3162400-100.jpg;;;Полотенце reusch goalkeeper towel match 3162400-100;;;Polotence-reusch-goalkeeper-towel-match-3162400;;68784359;;Бренд;REUSCH;Модификация;Базовая
86;Полотенце reusch goalkeeper towel match 3162400-700;;Полотенце;;3162400-700;282;290;0;1;шт;https://i4.amd-sport.ru/1/8360/83598446/6e1ffd/polotence-reusch-goalkeeper-towel-match-3162400-700.jpg;;;Полотенце reusch goalkeeper towel match 3162400-700;;;Polotence-reusch-goalkeeper-towel-match-3162400-2;;68784360;;Бренд;REUSCH;Модификация;Базовая
87;Ланъярд пфк цска;;Ланъярд с надписью, эмблемой и талисманом. Это ленточка с зажимом, предназначенная для ношения небольших, но всегда нужных и важных вещей, например ключей, табличек, мобильных телефонов, бейджей и т.д. Цвет: синий Индивидуальная упаковка.;1;;282;290;0;1;шт;https://i4.amd-sport.ru/1/8531/85302422/6e1ffd/lanyard-pfk-cska.jpg;;;Ланъярд пфк цска;;;Lanyard-pfk-cska;;68784595;;Бренд;noname;Модификация;Базовая
88;Магнит atributika & club цска талисман 190202;;Сувенирный магнит с символикой Московского Хоккейного Клуба ATRIBUTIKA & CLUB ЦСКА ТАЛИСМАН 190202 изготовлен в виде талисмана, головы лошади. Магнит имеет мягкую структуру, одна сторона которого имеет магнитный слой, он предназначен для фанатов футбольного клуба. Продается в индивидуальной подарочной упаковке.Размеры и Вес в упаковке: Размеры (Д х Ш х В): 95 x 115 x 5 мм.  Вес: 0.038 кг.;;190202;282;290;0;1;шт;https://i4.amd-sport.ru/1/8747/87460724/6e1ffd/magnit-atributika-club-cska-talisman-190202.jpg;;;Магнит atributika & club цска талисман 190202;;;Magnit-atributika-club-cska-talisman;;72082355;;Бренд;ATRIBUTIKA & CLUB;Модификация;Базовая
89;Сумка-мешок для обуви 2K Sport Team;;Мешок для переноса спортивного инвентаря и обуви на тренировки.;;128136;290;0;0;1;шт;"https://i3.amd-sport.ru/1/9110/91092144/6e1ffd/sumka-meshok-dlya-obuvi-2k-sport-team.jpg
https://i4.amd-sport.ru/1/9110/91092147/6e1ffd/sumka-meshok-dlya-obuvi-2k-sport-team.jpg
https://i3.amd-sport.ru/1/9110/91092149/6e1ffd/sumka-meshok-dlya-obuvi-2k-sport-team.jpg
https://i4.amd-sport.ru/1/9110/91092152/6e1ffd/sumka-meshok-dlya-obuvi-2k-sport-team.jpg";;;Сумка-мешок для обуви 2K Sport Team;;;Sumka-meshok-dlya-obuvi-2K-Sport-Team;;74723861;;Бренд;2K SPORT;Модификация;Базовая
90;Сетка для мячей 2K Sport BCN12;;"Сумка-мешок для переноски и хранения мячей .  Вместимость: 12 футбольных мячей; Материал: полипропилен.";;128012;290;0;0;1;шт;https://i1.amd-sport.ru/1/9110/91092174/6e1ffd/setka-dlya-myachej-2k-sport-bcn12.jpg;;;Сетка для мячей 2K Sport BCN12;;;Setka-dlya-myachej-2K-Sport-BCN12;;74723886;;Бренд;2K SPORT;Модификация;Базовая
91;Свисток металлический 2K Sport;;Металлический судейский свисток стандартного типа.;;129801;290;0;0;1;шт;https://i4.amd-sport.ru/1/9110/91092581/6e1ffd/svistok-metallicheskij-2k-sport.jpg;;;Свисток металлический 2K Sport;;;Svistok-metallicheskij-2K-Sport;;74724203;;Бренд;2K SPORT;Размер;standart
92;Свисток маленький пластиковый 2K Sport Voll;;Пластмассовый судейский свисток компактного типа.;;129003s;290;0;0;1;шт;https://i1.amd-sport.ru/1/9110/91092618/6e1ffd/svistok-malenkij-plastikovyj-2k-sport-voll.jpg;;;Свисток маленький пластиковый 2K Sport Voll;;;Svistok-malenkij-plastikovyj-2K-Sport-Voll;;74724233;;Бренд;2K SPORT;Размер;standart
93;Свисток пластиковый 2K Sport Voxx;;Компактный судейский свисток из пластмассы.;;129004s;290;0;0;1;шт;https://i3.amd-sport.ru/1/9110/91092620/6e1ffd/svistok-plastikovyj-2k-sport-voxx.jpg;;;Свисток пластиковый 2K Sport Voxx;;;Svistok-plastikovyj-2K-Sport-Voxx;;74724235;;Бренд;2K SPORT;Размер;standart
94;Держатель для бутылок металлический 2K Sport VBC-06;;Металлический держатель для бутылок спортивного типа.;;VBC06;290;0;0;1;шт;https://i3.amd-sport.ru/1/9110/91092626/6e1ffd/derzhatel-dlya-butylok-metallicheskij-2k-sport-vbc-06.jpg;;;Держатель для бутылок металлический 2K Sport VBC-06;;;Derzhatel-dlya-butylok-metallicheskij-2K-Sport-VBC;;74724241;;Бренд;2K SPORT;Размер;standart
95;Гетры футбольные 2K Sport Betis красный-синий;;Базовая модель футбольных гетр. Подходят для ДЮСШ и любительских футбольных команд. Состав: 95% нейлон, 5% эластан.;;120318/красный-синий;290;0;0;1;шт;https://i3.amd-sport.ru/1/9142/91417289/6e1ffd/getry-futbolnye-2k-sport-betis-krasnyj-sinij.jpg;;;Гетры футбольные 2K Sport Betis красный-синий;;;Getry-futbolnye-2K-Sport-Betis-krasnyj-sinij;;74983038;;Бренд;2K SPORT;Размер;L
96;Бейсболка 2K Sport Netto темно-синий-белый;;Классическая бейсболка с символикой СССР и с регулируемым ремешком.;;124213/темно-синий-белый;290;0;0;1;шт;https://i4.amd-sport.ru/1/9142/91417649/6e1ffd/bejsbolka-2k-sport-netto-temno-sinij-belyj.jpg;;;Бейсболка 2K Sport Netto темно-синий-белый;;;Bejsbolka-2K-Sport-Netto-temno-sinij-belyj;;74983278;;Бренд;2K SPORT;Размер;one size
97;Бейсболка 2K Sport Netto красный-белый;;Классическая бейсболка с символикой СССР и с регулируемым ремешком.;;124213/красный-белый;290;0;0;1;шт;https://i3.amd-sport.ru/1/9142/91417650/6e1ffd/bejsbolka-2k-sport-netto-krasnyj-belyj.jpg;;;Бейсболка 2K Sport Netto красный-белый;;;Bejsbolka-2K-Sport-Netto-krasnyj-belyj;;74983279;;Бренд;2K SPORT;Размер;one size
98;Бейсболка зимняя 2K Sport Nordkyn темно-синий;;Состав: 100% полиэстер, флисовая подкладка. Предназначена для холодного времени года. Плотный простроченный козырек.;;124235/темно-синий;290;0;0;1;шт;"https://i2.amd-sport.ru/1/9142/91417651/6e1ffd/bejsbolka-zimnyaya-2k-sport-nordkyn-temno-sinij.jpg
https://i2.amd-sport.ru/1/9142/91417652/6e1ffd/bejsbolka-zimnyaya-2k-sport-nordkyn-temno-sinij.jpg";;;Бейсболка зимняя 2K Sport Nordkyn темно-синий;;;Bejsbolka-zimnyaya-2K-Sport-Nordkyn-temno-sinij;;74983280;;Бренд;2K SPORT;Размер;one size
99;Бейсболка флисовая 2K Sport National темно-синий;;Состав: 100% полиэстер, флисовая подкладка. Предназначена для холодного времени года. Плотный простроченный козырек.;;124234n/темно-синий;290;0;0;1;шт;https://i3.amd-sport.ru/1/9142/91417661/6e1ffd/bejsbolka-flisovaya-2k-sport-national-temno-sinij.jpg;;;Бейсболка флисовая 2K Sport National темно-синий;;;Bejsbolka-flisovaya-2K-Sport-National-temno-sinij;;74983289;;Бренд;2K SPORT;Размер;one size
100;Бейсболка флисовая 2K Sport Vancouver черный;;Состав: 100% полиэстер, флисовая подкладка. Предназначена для холодного времени года. Плотный простроченный козырек.;;124234/черный;290;0;0;1;шт;"https://i3.amd-sport.ru/1/9142/91417662/6e1ffd/bejsbolka-flisovaya-2k-sport-vancouver-chernyj.jpg
https://i2.amd-sport.ru/1/9142/91417663/6e1ffd/bejsbolka-flisovaya-2k-sport-vancouver-chernyj.jpg";;;Бейсболка флисовая 2K Sport Vancouver черный;;;Bejsbolka-flisovaya-2K-Sport-Vancouver-chernyj;;74983290;;Бренд;2K SPORT;Размер;one size
101;Бейсболка флисовая 2K Sport Vancouver темно-серый;;Состав: 100% полиэстер, флисовая подкладка. Предназначена для холодного времени года. Плотный простроченный козырек.;;124234/темно-серый;290;0;0;1;шт;"https://i3.amd-sport.ru/1/9142/91417664/6e1ffd/bejsbolka-flisovaya-2k-sport-vancouver-temno-seryj.jpg
https://i2.amd-sport.ru/1/9142/91417665/6e1ffd/bejsbolka-flisovaya-2k-sport-vancouver-temno-seryj.jpg";;;Бейсболка флисовая 2K Sport Vancouver темно-серый;;;Bejsbolka-flisovaya-2K-Sport-Vancouver-temno-seryj;;74983291;;Бренд;2K SPORT;Размер;one size
102;Бейсболка флисовая 2K Sport Vancouver темно-синий;;Состав: 100% полиэстер, флисовая подкладка. Предназначена для холодного времени года. Плотный простроченный козырек.;;124234/темно-синий;290;0;0;1;шт;"https://i2.amd-sport.ru/1/9142/91417666/6e1ffd/bejsbolka-flisovaya-2k-sport-vancouver-temno-sinij.jpg
https://i2.amd-sport.ru/1/9142/91417667/6e1ffd/bejsbolka-flisovaya-2k-sport-vancouver-temno-sinij.jpg
https://i4.amd-sport.ru/1/9142/91417668/6e1ffd/bejsbolka-flisovaya-2k-sport-vancouver-temno-sinij.jpg";;;Бейсболка флисовая 2K Sport Vancouver темно-синий;;;Bejsbolka-flisovaya-2K-Sport-Vancouver-temno-sinij;;74983292;;Бренд;2K SPORT;Размер;one size
103;Бейсболка зимняя 2K Sport National темно-синий;;"Утепленная бейсболка предназначена для холодного времени года. Опускающаяся задняя часть надежно защищает затылок и уши.  Состав: 92% полиэстер, 8% флис;";;124235n/темно-синий;290;0;0;1;шт;"https://i2.amd-sport.ru/1/9142/91417669/6e1ffd/bejsbolka-zimnyaya-2k-sport-national-temno-sinij.jpg
https://i3.amd-sport.ru/1/9142/91417670/6e1ffd/bejsbolka-zimnyaya-2k-sport-national-temno-sinij.jpg";;;Бейсболка зимняя 2K Sport National темно-синий;;;Bejsbolka-zimnyaya-2K-Sport-National-temno-sinij;;74983293;;Бренд;2K SPORT;Размер;one size
104;Бейсболка зимняя 2K Sport Nordkyn черный;;Состав: 100% полиэстер, флисовая подкладка. Предназначена для холодного времени года. Плотный простроченный козырек.;;124235/черный;290;0;0;1;шт;"https://i2.amd-sport.ru/1/9142/91417671/6e1ffd/bejsbolka-zimnyaya-2k-sport-nordkyn-chernyj.jpg
https://i2.amd-sport.ru/1/9142/91417672/6e1ffd/bejsbolka-zimnyaya-2k-sport-nordkyn-chernyj.jpg";;;Бейсболка зимняя 2K Sport Nordkyn черный;;;Bejsbolka-zimnyaya-2K-Sport-Nordkyn-chernyj;;74983294;;Бренд;2K SPORT;Размер;one size
